scheme_code,fund_name,fund_house,broad_category,sub_category,full_category,scheme_type,benchmark_used,inception_date,fund_age_years,total_nav_days,latest_nav,nav_52w_high,nav_52w_low,nav_52w_change_pct,aum_cr,morningstar_stars,cagr_1y,cagr_3y,cagr_5y,return_1m_pct,return_3m_pct,return_6m_pct,return_1y_pct,cagr_3y_snap,cagr_5y_snap,volatility_pct,max_drawdown_pct,beta,tracking_error_pct,sharpe_ratio,sortino_ratio,calmar_ratio,alpha_pct,expense_ratio_pct,return_per_cost,return_per_cost_rank,true_net_return,composite_score,universe_rank,category_rank
118275,CANARA ROBECO FLEXICAP FUND - DIRECT PLAN - GROWTH OPTION,Canara Robeco Mutual Fund,Equity Schemes,Flexi Cap Fund,Equity Schemes - Flexi Cap Fund,Open Ended Schemes,Nifty 500,2019-10-14,7.0,1724,364.61,397.81,340.57,7.06,,,-4.1887,9.2484,9.5863,-5.333,-6.0332,-1.3501,-6.0235,9.8781,8.0277,16.155,-33.2387,0.9111,3.2839,0.5127,0.5841,0.2782,1.8042,,,,,48.59,8,2
118777,Nippon India Small Cap Fund - Direct Plan Growth,Nippon India Mutual Fund,Equity Scheme,Small Cap Fund,Equity Scheme - Small Cap Fund,Open Ended Schemes,Nifty Smallcap 250,2019-10-14,7.0,1724,200.9398,211.077,165.176,21.65,,,8.0016,12.8692,19.5886,-4.3104,-2.0093,10.9406,6.5905,13.9225,16.9833,18.2751,-40.3026,0.8158,7.4496,1.0187,1.0968,0.3193,3.5926,,,,,78.54,1,1
118825,Mirae Asset Large Cap Fund - Direct Plan - Growth,Mirae Asset Mutual Fund,Equity Schemes,Large Cap Fund,Equity Schemes - Large Cap Fund,Open Ended Schemes,Nifty 50,2019-10-14,7.0,1724,118.868,134.234,113.121,5.08,,,-5.6349,6.1597,7.8444,-4.9048,-7.1177,-3.2161,-7.5526,6.9034,6.207,17.0095,-37.4417,0.9527,3.1376,0.3597,0.41,0.1645,2.1208,,,,,35.9,9,1
119016,HDFC Short Term Debt Fund - Growth Option - Direct Plan,HDFC Mutual Fund,Income/Debt Oriented Schemes,Short Term Fund,Income/Debt Oriented Schemes - Short Term Fund,Open Ended Schemes,Nifty 50,2019-10-14,7.0,1694,35.3965,35.4714,33.7501,4.88,,,5.4911,7.6429,6.7752,-0.2112,0.4524,2.6075,4.9616,7.457,6.554,1.5121,-2.6704,0.0134,17.1198,0.0305,0.0339,2.8621,-0.0064,,,,,24.0,14,1
119063,HDFC Nifty 50 Index Fund - Direct Plan,HDFC Mutual Fund,Other Scheme,Index Funds,Other Scheme - Index Funds,Open Ended Schemes,Nifty 50,2019-10-14,7.0,1724,217.5709,255.8052,217.1184,0.21,,,-8.9308,4.524,6.8565,-5.146,-7.9946,-6.9406,-10.9909,5.0706,5.3927,17.5352,-38.3591,0.9974,0.6305,0.2936,0.344,0.1179,0.9593,,,,,28.96,12,2
119775,Kotak Midcap Fund - Direct Plan - Growth,Kotak Mahindra Mutual Fund,Equity Schemes,Mid Cap Fund,Equity Schemes - Mid Cap Fund,Open Ended Schemes,Nifty Midcap 150,2019-10-14,7.0,1724,158.633,174.203,141.582,12.04,,,1.0414,14.2151,16.2885,-7.1659,-7.7897,2.0397,-1.7953,15.2695,14.4313,16.7664,-35.9712,0.8705,4.921,0.8582,0.9463,0.3952,2.5947,,,,,75.73,2,1
120251,ICICI Prudential Equity & Debt Fund - Direct Plan - Growth,ICICI Prudential Mutual Fund,Hybrid Schemes,Aggressive Hybrid Fund,Hybrid Schemes - Aggressive Hybrid Fund,Open Ended Schemes,Nifty 50,2019-10-14,7.0,1724,431.01,461.48,417.86,3.15,,,-2.2564,11.6066,15.0762,-3.6548,-5.2621,-2.7131,-3.467,11.7848,12.8753,13.0363,-30.7015,0.6786,7.7342,0.7807,0.8896,0.378,7.341,,,,,66.18,5,1
120465,Axis Large Cap Fund - Direct Plan - Growth,Axis Mutual Fund,Equity Schemes,Large Cap Fund,Equity Schemes - Large Cap Fund,Open Ended Schemes,Nifty 50,2019-10-14,7.0,1732,65.34,72.38,62.24,4.98,,,-6.7504,7.511,4.8065,-4.8908,-5.7958,-2.2442,-7.0687,7.0314,4.3817,15.6107,-30.104,0.8621,4.619,0.253,0.3047,0.2495,0.3823,,,,,33.34,10,2
120505,Axis Midcap Fund - Direct Plan - Growth,Axis Mutual Fund,Equity Scheme,Mid Cap Fund,Equity Scheme - Mid Cap Fund,Open Ended Schemes,Nifty Midcap 150,2019-10-14,7.0,1732,136.15,145.91,119.92,13.53,,,2.207,15.1592,12.3085,-5.5432,-3.7265,4.3455,2.3146,15.0046,11.4924,15.7303,-29.3625,0.8094,5.8405,0.7381,0.8554,0.5163,0.7326,,,,,71.6,3,2
120692,ICICI Prudential Corporate Bond Fund - Direct Plan - Growth,ICICI Prudential Mutual Fund,Debt Scheme,Corporate Bond Fund,Debt Scheme - Corporate Bond Fund,Open Ended Schemes,India 10Y Bond,2019-10-14,7.0,1693,33.4907,33.626,31.9367,4.87,,,5.5653,7.5549,6.9739,-0.3778,0.2092,2.5494,4.9786,7.3115,6.7056,1.3488,-2.0075,0.0005,467.0334,0.0604,0.0667,3.7633,-0.0467,,,,,24.61,13,1
120716,UTI Nifty 50 Index Fund - Growth Option - Direct,UTI Mutual Fund,Other Scheme,Index Funds,Other Scheme - Index Funds,Open Ended Schemes,Nifty 50,2019-10-14,7.0,1724,156.5445,183.9374,156.116,0.27,,,-8.851,4.5811,6.907,-5.1396,-7.9764,-6.886,-10.9119,5.1273,5.4402,17.5537,-38.4179,0.9985,0.6238,0.2978,0.349,0.1192,1.0339,,,,,29.28,11,1
122639,Parag Parikh Flexi Cap Fund - Direct Plan - Growth,PPFAS Mutual Fund,Equity Scheme,Flexi Cap Fund,Equity Scheme - Flexi Cap Fund,Open Ended Schemes,Nifty 500,2019-10-14,7.0,1723,87.6555,95.7732,85.2599,2.81,,,-4.8212,11.586,12.3367,-1.9454,-3.6157,-3.0815,-5.915,11.5369,10.4734,13.356,-31.2021,0.6371,9.7681,0.8622,1.0538,0.3713,6.7329,,,,,68.98,4,1
125497,SBI Small Cap Fund - Direct Plan - Growth,SBI Mutual Fund,Equity Scheme,Small Cap Fund,Equity Scheme - Small Cap Fund,Open Ended Schemes,Nifty Smallcap 250,2019-10-14,7.0,1733,203.8969,217.6184,169.1091,20.57,,,3.8016,10.4815,13.5256,-5.4166,-2.1382,10.3955,4.5424,10.5645,12.2533,15.2758,-33.8493,0.6734,8.8615,0.8613,0.967,0.3097,-0.4717,,,,,65.52,6,2
133035,Kotak Aggressive Hybrid Fund - Direct Plan - Growth,Kotak Mahindra Mutual Fund,Hybrid Scheme,Aggressive Hybrid Fund,Hybrid Scheme - Aggressive Hybrid Fund,Open Ended Schemes,Nifty 50,2019-10-14,7.0,1724,74.395,79.055,68.124,9.21,,,1.0033,11.0422,12.1801,-3.9556,-4.2917,1.5036,-1.056,11.7927,10.9096,13.2853,-32.1443,0.7085,6.917,0.6426,0.6963,0.3435,5.5701,,,,,60.23,7,2
