scheme_code,fund_name,aum_cr,expense_ratio_pct,morningstar_stars,latest_nav,latest_nav_date,source,nav_available,aum_ter_available
120465,Axis Large Cap Fund - Direct Plan - Growth,,,,66.33,2026-10-07,mfapi.in (fallback — AUM/TER unavailable),True,False
118825,Mirae Asset Large Cap Fund - Direct Plan - Growth,,,,121.15,2026-10-07,mfapi.in (fallback — AUM/TER unavailable),True,False
122639,Parag Parikh Flexi Cap Fund - Direct Plan - Growth,,,,88.8389,2026-10-07,mfapi.in (fallback — AUM/TER unavailable),True,False
118275,CANARA ROBECO FLEXICAP FUND - DIRECT PLAN - GROWTH OPTION,,,,371.71,2026-10-07,mfapi.in (fallback — AUM/TER unavailable),True,False
120505,Axis Midcap Fund - Direct Plan - Growth,,,,139.06,2026-10-07,mfapi.in (fallback — AUM/TER unavailable),True,False
119775,Kotak Midcap Fund - Direct Plan - Growth,,,,161.629,2026-10-07,mfapi.in (fallback — AUM/TER unavailable),True,False
125497,SBI Small Cap Fund - Direct Plan - Growth,,,,208.0836,2026-10-07,mfapi.in (fallback — AUM/TER unavailable),True,False
118777,Nippon India Small Cap Fund - Direct Plan Growth,,,,205.712,2026-10-07,mfapi.in (fallback — AUM/TER unavailable),True,False
120716,UTI Nifty 50 Index Fund - Growth Option - Direct,,,,159.1593,2026-10-07,mfapi.in (fallback — AUM/TER unavailable),True,False
119063,HDFC Nifty 50 Index Fund - Direct Plan,,,,221.2109,2026-10-07,mfapi.in (fallback — AUM/TER unavailable),True,False
133035,Kotak Aggressive Hybrid Fund - Direct Plan - Growth,,,,75.568,2026-10-07,mfapi.in (fallback — AUM/TER unavailable),True,False
120251,ICICI Prudential Equity & Debt Fund - Direct Plan - Growth,,,,437.57,2026-10-07,mfapi.in (fallback — AUM/TER unavailable),True,False
119016,HDFC Short Term Debt Fund - Growth Option - Direct Plan,,,,35.4124,2026-10-07,mfapi.in (fallback — AUM/TER unavailable),True,False
120692,ICICI Prudential Corporate Bond Fund - Direct Plan - Growth,,,,33.5198,2026-10-07,mfapi.in (fallback — AUM/TER unavailable),True,False
