sr_no,scheme_name,num_schemes,num_folios,funds_mobilized_cr,repurchase_redemption_cr,net_inflow_outflow_cr,aum_cr,avg_aum_cr,segregated_portfolios,segregated_aum_cr
i,Overnight Fund,38.0,786208.0,708935.34686781,668522.7996648,40412.5472030097,120911.58368664,133762.470742,0.0,0.0
ii,Liquid Fund,42.0,3668470.0,597426.20777256,478360.35372741,119065.85404515,694140.42303427,727985.51359547,0.0,0.0
iii,Ultra Short Duration Fund,25.0,786031.0,30306.5642106,22267.48899973,8039.07521086998,126812.31842878,126632.01771399,0.0,0.0
iv,Low Duration Fund,25.0,843303.0,14279.256958,13291.38062412,987.876333879998,115666.79716168,115571.96852007,0.0,0.0
v,Money Market Fund,27.0,537236.0,80506.95685037,59326.72745779,21180.22939258,326209.77185723,317467.91463222,1.0,0.0
vi,Short Duration Fund,25.0,569216.0,3708.52847268,2868.30066251,840.227810169998,108970.42925633,108600.44427008,0.0,0.0
vii,Medium Duration Fund,13.0,239058.0,440.60531335,445.56609017,-4.96077682000009,25471.80750262,25507.99549949,2.0,0.0
viii,Medium to Long Duration Fund,13.0,100206.0,30.5712664,85.0315677900001,-54.4603013900001,9936.25090934,9962.45223385,0.0,0.0
ix,Long Duration Fund,11.0,73870.0,31.80212221,650.0523239300001,-618.25020172,11837.61216381,12208.8154865,0.0,0.0
x,Dynamic Bond Fund,22.0,215840.0,304.29480696,885.9293755,-581.63456854,30588.06733746,30876.71232016,0.0,0.0
xi,Corporate Bond Fund,21.0,576475.0,3458.30058157,4242.99984363,-784.699262059999,176818.87506135,176980.30594365,0.0,0.0
xii,Credit Risk Fund,14.0,212982.0,366.50195374,221.43180852,145.07014522,22079.56673924,21932.66665842,4.0,0.0
xiii,Banking and PSU Fund,20.0,238649.0,726.70477452,1179.17989035,-452.475115830001,76518.16472976,76687.7230829,0.0,0.0
xiv,Gilt Fund,23.0,192080.0,369.25136937,575.04721523,-205.79584586,30920.92195932,31061.61509669,0.0,0.0
xv,Gilt Fund with 10 year constant duration,5.0,34755.0,17.87961656,80.14463128,-62.26501472,4078.90468649,4110.43287155,0.0,0.0
xvi,Floater Fund,12.0,193356.0,1862.30079992,2257.32052528,-395.01972536,52380.82363678,52128.15716031,0.0,0.0
,Sub Total - I (i+ii+iii+iv+v+vi+vii+viii+ix+x+xi+xii+xiii+xiv+xv+xvi),336.0,9267735.0,1442771.0737366192,1255259.7544080403,187511.3193285797,1933342.3181511003,1971477.2058273505,7.0,0.0
i,Multi Cap Fund,32.0,11827549.0,5723.64185626,2496.34987926,3227.291977,248393.92988914,245260.99609647,0.0,0.0
ii,Large Cap Fund,35.0,17076888.0,4746.09089029,6067.78125055,-1321.69036026,416422.9714334,413321.12195671,0.0,0.0
iii,Large & Mid Cap Fund,35.0,14216269.0,6915.82773128,3490.48522238,3425.3425089,364199.14573835,359415.06724726,0.0,0.0
iv,Mid Cap Fund,33.0,25861731.0,10649.88035634,4457.56837198,6192.31198436,523091.44957951,516353.36009034,0.0,0.0
v,Small Cap Fund,36.0,29186748.0,11882.83558807,4115.332385,7767.50320307,441099.90806191,437386.83060756,0.0,0.0
vi,Dividend Yield Fund,11.0,1185626.0,294.44219783,463.60089359,-169.15869576,32223.3883123,31923.0193497,0.0,0.0
vii,Value Fund/Contra Fund,27.0,9045939.0,2787.20560517,2931.81332149,-144.607716319999,217813.40240585,216236.46384243,0.0,0.0
viii,Focused Fund,28.0,5583830.0,2876.07135655,2233.89097095,642.180385599999,185488.59745728,182844.79759783,0.0,0.0
ix,Sectoral/Thematic Funds,251.0,32638494.0,10881.96122796,9553.69100475,1328.27022321,561858.38242259,554202.07106927,0.0,0.0
x,ELSS,40.0,16227578.0,1175.50193627,2134.63637663,-959.134440359999,245446.25190898,243702.34644108,0.0,0.0
xi,Flexi Cap Fund,45.0,24442070.0,11588.78724908,6879.7109277,4709.07632138,600155.01415549,591817.79579138,0.0,0.0
,Sub Total - II (i+ii+iii+iv+v+vi+vii+viii+ix+x+xi),573.0,187292722.0,69522.2459951,44824.86060428,24697.385390820004,3836192.4413648,3792463.87009003,0.0,0.0
i,Conservative Hybrid Fund,18.0,582455.0,399.17238596,421.30873835,-22.13635239,30019.22670368,30038.19710785,1.0,0.0
ii,Balanced Hybrid Fund/Aggressive Hybrid Fund,33.0,6417338.0,4481.54292139,2495.25564188,1986.28727951,263776.41466499,261943.46115745,1.0,0.0
iii,Dynamic Asset Allocation/Balanced Advantage Fund,36.0,5767243.0,3981.58903685,4233.81941753,-252.230380679999,328628.7646851,326767.80831145,0.0,0.0
iv,Multi Asset Allocation Fund,36.0,5865144.0,6296.81391679,2543.43635919,3753.3775576,203297.90777901,220143.99567173,0.0,0.0
v,Arbitrage Fund,39.0,905025.0,29982.49382811,23480.05285918,6502.44096893001,291440.31255152,350862.7775675,0.0,0.0
vi,Equity Savings Fund,24.0,537204.0,1484.16104153,1961.34387758,-477.182836049999,50388.21703034,53555.21276626,1.0,0.0
,Sub Total - III (i+ii+iii+iv+v+vi),186.0,20074409.0,46625.773130630005,35135.21689371,11490.556236920012,1167550.84341464,1243311.45258224,3.0,0.0
i,Retirement Fund,31.0,3084621.0,284.17057858,224.52693784,59.64364074,33135.76895676,32932.80057852,0.0,0.0
ii,Childrens Fund,12.0,3299736.0,405.13340794,86.00629149,319.12711645,27737.41620157,27513.97994907,0.0,0.0
,Sub Total - IV (i+ii),43.0,6384357.0,689.30398652,310.53322933,378.77075719,60873.18515833,60446.78052759,0.0,0.0
i,Index Funds,375.0,15622477.0,10257.46823363,8720.86793508,1536.60029855,343385.94910564,339939.53132208,0.0,0.0
ii,GOLD ETF,26.0,12533029.0,2834.62268143,1275.87647197,1558.74620946,173301.39758957,173470.88335547,0.0,0.0
iii,Other ETFs,320.0,27234065.0,24825.18381789,15313.13537683,9512.04844106,998043.42847823,988310.12497842,0.0,0.0
iv,Fund of funds investing overseas,52.0,2017645.0,304.49263819,394.88461653,-90.3919783400002,46351.85462385,47497.75519683,0.0,0.0
,Sub Total - V (i+ii+iii+iv),773.0,57407216.0,38221.76737114,25704.76440041,12517.00297073,1561082.62979729,1549218.2948528,0.0,0.0
,Total A-Open ended Schemes,1911.0,280426439.0,1597830.1642200092,1361235.1295357705,236595.0346842397,8559041.41788616,8616917.60388001,10.0,0.0
i,Fixed Term Plan,33.0,19977.0,0.0,636.881487819999,-636.881487819999,6481.55294034,6828.50496206,0.0,0.0
ii,Capital Protection Oriented Schemes,,,0.0,0.0,0.0,0.0,0.0,0.0,0.0
iii,Infrastructure Debt Fund,3.0,19.0,0.0,0.0,0.0,947.9077187,945.5709216,0.0,0.0
iv,Other Debt Scheme,1.0,172652.0,13.34,57.18,-43.84,5110.17,5072.39,0.0,0.0
,Sub Total (i+ii+iii+iv),37.0,192648.0,13.34,694.061487819999,-680.7214878199991,12539.63065904,12846.46588366,0.0,0.0
i,ELSS,13.0,245115.0,0.0,11.92102207,-11.92102207,4050.67680864,4004.96316532,0.0,0.0
ii,Other Equity Schemes,0.0,0.0,0.0,0.0,0.0,0.0,0.0,0.0,0.0
,Sub Total (i+ii),13.0,245115.0,0.0,11.92102207,-11.92102207,4050.67680864,4004.96316532,0.0,0.0
III,Other Schemes,0.0,0.0,0.0,0.0,0.0,0.0,0.0,0.0,0.0
,Total B -Close ended Schemes,50.0,437763.0,13.34,705.982509889999,-692.6425098899991,16590.30746768,16851.42904898,0.0,0.0
I,Income/Debt Oriented Schemes,2.0,798.0,0.0,0.0,0.0,24.793,29.3436,0.0,0.0
II,Growth/Equity Oriented Schemes,0.0,0.0,0.0,0.0,0.0,0.0,0.0,0.0,0.0
III,Other Schemes,0.0,0.0,0.0,0.0,0.0,0.0,0.0,0.0,0.0
,Total C Interval Schemes,2.0,798.0,0.0,0.0,0.0,24.793,29.3436,0.0,0.0
,Grand Total,1963.0,280865000.0,1597843.5042200093,1361941.1120456604,235902.39217434972,8575656.51835384,8633798.37652899,10.0,0.0
,Fund of Funds Scheme (Domestic)**,,13410326.0,7439.17640461,3965.26774468,3473.90865993,218805.99031064,221602.48574014,0.0,0.0
