scheme_code,fund_name,nav_today,nav_1m_ago,nav_3m_ago,nav_6m_ago,nav_1y_ago,nav_3y_ago,nav_5y_ago
120465,Axis Large Cap Fund - Direct Plan - Growth,69.66,71.16,64.9,66.93,69.61,53.01,51.67
118825,Mirae Asset Large Cap Fund - Direct Plan - Growth,127.063,130.297,120.022,122.251,126.726,98.546,85.297
122639,Parag Parikh Flexi Cap Fund - Direct Plan - Growth,90.5289,92.3269,88.6324,89.7713,92.513,63.0884,51.5152
118275,CANARA ROBECO FLEXICAP FUND - DIRECT PLAN - GROWTH OPTION,389.75,395.66,364.03,366.43,384.03,277.49,242.25
120505,Axis Midcap Fund - Direct Plan - Growth,144.13,143.68,133.74,127.35,131.33,91.77,76.2
119775,Kotak Midcap Fund - Direct Plan - Growth,171.8,172.695,160.189,151.698,157.3,105.713,77.849
125497,SBI Small Cap Fund - Direct Plan - Growth,216.6525,212.0671,191.9092,175.7742,197.5939,153.8431,107.1416
118777,Nippon India Small Cap Fund - Direct Plan Growth,210.4787,208.2889,192.5394,173.9942,188.2874,138.5435,86.3261
120716,UTI Nifty 50 Index Fund - Growth Option - Direct,168.3146,173.0145,161.9654,168.0044,172.6869,135.6559,116.5003
119063,HDFC Nifty 50 Index Fund - Direct Plan,233.9471,240.4883,225.2052,233.6455,240.221,188.8488,162.2972
133035,Kotak Aggressive Hybrid Fund - Direct Plan - Growth,77.942,79.004,73.707,72.294,73.251,54.061,43.019
120251,ICICI Prudential Equity & Debt Fund - Direct Plan - Growth,452.29,459.17,433.65,438.0,439.17,308.48,220.22
119016,HDFC Short Term Debt Fund - Growth Option - Direct Plan,35.4299,35.3973,34.8111,34.4127,33.4403,28.4657,25.7252
120692,ICICI Prudential Corporate Bond Fund - Direct Plan - Growth,33.5874,33.562,32.9357,32.5378,31.624,27.0036,24.1526
