unnamed:_0,unnamed:_1,unnamed:_2,unnamed:_3,unnamed:_4,unnamed:_5,unnamed:_6,unnamed:_7,unnamed:_8,unnamed:_9,unnamed:_10
Monthly Report for the month of August 2026 ,,,,,,,,,,
Sr ,Scheme Name ,"No. of Schemes as on August 31, 2026","No. of Folios as on August 31, 2026",Funds Mobilized for the month of August 2026 (INR in crore),Repurchase/Redemption for the month of August 2026 (INR in crore),Net Inflow (+ve)/Outflow (-ve) for the month of August 2026 (INR in crore),"Net Assets Under Management as on August 31, 2026 (INR in crore)",Average Net Assets Under Management for the month August 2026 (INR in crore),"No. of segregated portfolios created as on August 31, 2026","Net Assets Under Management in segregated portfolio as on August 31, 2026 (INR in crore)"
A,Open ended Schemes,,,,,,,,,
I,Debt Schemes,,,,,,,,,
i,Overnight Fund,38,807802,622703.46890184,653357.71763189,-30654.2487300509,90797.87267866,126566.29659952,0,0
ii,Liquid Fund,42,3963170,520626.71876404,500692.42658436,19934.2921796797,718025.61954505,740934.24866784,0,0
iii,Ultra Short Term Fund,26,786918,21619.3895212,17362.83776684,4256.55175436,131767.63293209,130564.73633361,0,0
iv,Ultra Short to Short Term Fund,25,838895,13083.56284716,15552.12847277,-2468.56562561,113695.80017063,114202.5538926,0,0
v,Money Market Fund,27,539157,67853.4462936,56118.73594779,11734.71034581,339896.4835925,332660.59625027,1,0
vi,Short Term Fund,26,578902,2639.64915649,6898.20916968,-4258.56001319,105045.4190884,108011.13075752,2,0
vii,Medium Term Fund,13,239110,248.30514864,368.8047741,-120.49962546,25435.97608084,25490.62969593,2,0
viii,Medium to Long Term Fund,13,100327,133.16342893,114.39584348,18.7675854500001,9944.46603152,9969.39356084,0,0
ix,Long Term Fund,11,72589,47.49230439,412.42138568,-364.92908129,11435.19804596,11757.90406672,0,0
x,Dynamic Term Fund,22,214252,177.44755684,820.01508065,-642.56752381,29985.61785841,30405.71736363,0,0
xi,Corporate Bond Fund,21,574606,2291.57495595,5481.74233091,-3190.16737496,173719.78825755,175546.31738926,0,0
xii,Credit Risk Fund,13,210983,222.54182851,245.69826036,-23.15643185,21997.75472124,22115.56367452,2,0
xiii,Banking and PSU Debt Fund,20,238009,342.34280167,1630.2591967,-1287.91639503,75289.34650755,76102.10030833,0,0
xiv,Gilt Fund,23,190474,284.30253974,2108.4439355599998,-1824.14139582,29088.51605389,29897.15927303,0,0
xv,10-year Constant Maturity Gilt Fund,5,34540,78.87911209,80.74254524,-1.86343315000003,4066.50461153,4068.88432068,0,0
xvi,Floating Interest Rates Fund,12,192020,2207.9748166,2026.30399887,181.67081773,52699.78917561,52919.99181554,0,0
xvii,Sectoral Fund,1,925,583.3004577,0.00021437,583.30024333,583.7729551,91.51540664,0,0
,Sub Total - I ,338,9582679,1255143.56043539,1263270.8831392503,-8127.322703861198,1933475.5583065301,1991304.7393764805,7,0
,,,,,,,,,,
II,Equity Schemes,,,,,,,,,
i,Multi Cap Fund,32,11949583,6483.04384484,2750.27320432,3732.77064052,256602.80749481,254524.91829198,0,0
ii,Large Cap Fund,35,17011202,4508.83232082,5656.18959412,-1147.3572733,413666.19858944,417487.34417105,0,0
iii,Large & Mid Cap Fund,36,14394453,7230.76219569,3357.97389531,3872.78830038,372909.08811842,370813.19223635,0,0
iv,Mid Cap Fund,34,26345486,11279.59788383,4290.20283686,6989.39504697,543242.52265698,536451.43869045,0,0
v,Small Cap Fund,36,29779539,12370.51422099,4397.18306326,7973.33115773,465861.98624267,457488.07732951,0,0
vi,Flexi Cap Fund,46,24775256,12156.9648324,7097.54192777,5059.42290463,611390.43458376,610160.78425425,0,0
vii,Dividend Yield Fund,12,1185016,470.64691437,604.21430161,-133.56738724,32093.03769715,32247.4990018,0,0
viii,Value Fund,23,4939982,1521.87751728,1497.4775052,24.4000120800001,143761.42702202,144459.22023547,0,0
ix,Contra Fund,5,4156706,2733.6597318,1405.6457047,1328.0140271,75811.576082,74654.4684396,0,0
x,Focused Fund,28,5610961,2920.80026489,1926.06166106,994.73860383,188786.96585709,188175.71341444,0,0
xi,Sectoral Fund,59,9471271,1645.07748697,1698.26736494,-53.1898779700005,154158.83101016,153453.91972611,0,0
xii,Thematic Fund,193,23434002,9159.44813011,7393.25929721,1766.1888329,417794.12990964,417626.57688143,0,0
xiii,ELSS- Tax Saver Fund,40,16167785,1132.84244838,2211.15950499,-1078.31705661,245068.35563218,246392.76013091,0,0
,Sub Total - II,579,189221242,73614.06779237001,44285.44986135001,29328.617931019995,3921147.3608963196,3903935.9128033505,0,0
,,,,,,,,,,
III,Hybrid Schemes,,,,,,,,,
i,Conservative Hybrid Fund,18,583012,310.25298196,409.24818047,-98.9951985100001,29927.71859771,30119.71846505,1,0
ii,Balanced Hybrid Fund,4,74986,1854.60249254,19.10277241,1835.49972013,3044.85394748,1279.3924559,0,0
iii,Aggressive Hybrid Fund,30,6433374,3779.39374196,2456.60157855,1322.79216341,263986.59409604,265837.55508999,1,0
iv,Balanced Advantage Fund/ Dynamic Asset Allocation,36,5773657,3963.1597342,4191.06293368,-227.903199480001,329103.75232439,330883.26037245,0,0
v,Multi Asset Allocation Fund,36,6017425,5955.9155296,2284.94089132,3670.97463828,207221.16662038,228006.75188546,0,0
vi,Arbitrage Fund,40,936561,26204.72188621,22415.69817952,3789.02370669002,302174.56374766,356862.05001643,0,0
vii,Equity Savings Fund,24,541315,1657.588082,1903.64033458,-246.05225258,50507.52122869,53699.78959541,1,0
,Sub Total - III,188,20360330,43725.63444847001,33680.29487053,10045.339577940018,1185966.17056235,1266688.51788069,3,0
,,,,,,,,,,
IV,Life Cycle Funds,,,,,,,,,
i,Life Cycle Fund with Maturity of 5 Years,0,0,0,0,0,0,0,0,0
ii,Life Cycle Fund with Maturity of 10 Years,1,7415,4.41553697,0.07189032,4.34364665,19.75698905,18.1759367,0,0
iii,Life Cycle Fund with Maturity of 15 Years,1,6195,3.59372947,0.0628747,3.53085477,18.31178863,16.87152123,0,0
iv,Life Cycle Fund with Maturity of 20 Years,0,0,0,0,0,0,0,0,0
v,Life Cycle Fund with Maturity of 25 Years,0,0,0,0,0,0,0,0,0
vi,Life Cycle Fund with Maturity of 30 Years,0,0,0,0,0,0,0,0,0
,Sub Total - IV,2,13610,8.00926644,0.13476502,7.87450142,38.06877768,35.04745793,0,0
,,,,,,,,,,
V,Solution Oriented Schemes **,,,,,,,,,
i,Retirement Fund,29,3074277,246.61851568,222.124692,24.4938236800001,33193.9742705,33491.96347482,0,0
ii,Childrens' Fund,12,3319516,389.10664158,78.19825984,310.90838174,28229.35474252,28177.55485975,0,0
,Sub Total - V,41,6393793,635.72515726,300.32295184000003,335.4022054200001,61423.329013020004,61669.51833456999,0,0
,,,,,,,,,,
VI,Index Funds,,,,,,,,,
i,Equity Funds,271,15586130,6884.70442709,4491.8359577,2392.86846939,251237.54426641,251652.58803589,0,0
ii,Debt Funds,104,215770,3243.41458812,4852.99785039,-1609.58326227,93560.19954384,94585.2317694,0,0
iii,Hybrid Fund,3,11431,6.88677964999999,2.67758745,4.2091922,83.8830668,82.51476481,0,0
,Sub Total - VI ,378,15813331,10135.005794859999,9347.51139554,787.49439932,344881.62687705003,346320.33457009995,0,0
,,,,,,,,,,
VII,Exchange Traded Funds (ETFs),,,,,,,,,
i,Equity ETF,267,19536260,10364.76737493,3127.27428501,7237.49308992,817870.38133714,822182.43736251,0,0
ii,Debt ETF,38,1693906,7715.92856366,8660.90063695,-944.972073290002,95324.09798445,96079.12182828,0,0
iii,Hybrid ETF,1,597,1.0194,0,1.0194,15.55392912,14.71467872,0,0
iv,Gold ETF,26,12537028,3791.3150054,1194.61626049,2596.69874491,191166.07561201,187295.46648185,0,0
v,Silver ETF,19,5273858,4029.09948905,2758.46738732,1270.63210173,85488.33788371,83891.19673266,0,0
vi,Other ETF,2,3739,0.20393,0.205860019999999,-0.00193001999999964,70.41036607,71.04977404,0,0
vii,ETFs investing overseas,4,657371,0,0,0,6915.17200207,6865.66712603,0,0
,Sub Total - VII ,357,39702759,25902.33376304,15741.464429790001,10160.869333249997,1196850.0291145698,1196399.65398409,0,0
,,,,,,,,,,
VIII,Overseas Fund of Funds,,,,,,,,,
i,Fund of Funds investing overseas,52,2003624,248.09466677,320.28250233,-72.1878355599999,48548.41449724,48496.08082915,0,0
,Sub Total - VIII ,52,2003624,248.09466677,320.28250233,-72.1878355599999,48548.41449724,48496.08082915,0,0
,,,,,,,,,,
,Total A-Open ended Schemes,1935,283091368,1409412.4313246,1366946.3439156504,42466.08740894881,8692330.55804476,8814849.80523636,10,0
,,,,,,,,,,
B,Close Ended Schemes,,,,,,,,,
I,Income/Debt Oriented Schemes,,,,,,,,,
i,Fixed Term Plan,31,11076,0,1053.94589901,-1053.94589901,5449.95484034,5743.3733792,0,0
ii,Infrastructure Debt Fund,3,19,0,0,0,952.6451768,950.3258147,0,0
iii,Other Debt Scheme,1,171354,12.72487451,56.8082811,-44.08340659,5089.940327,5135.136781,0,0
,Sub total I,35,182449,12.72487451,1110.7541801099999,-1098.0293056,11492.540344140001,11828.835974900001,0,0
,,,,,,,,,,
II,Growth/Equity Oriented Schemes,,,,,,,,,
i,ELSS,13,244472,0,14.35486613,-14.35486613,4039.72996755,4068.42147347,0,0
,Sub Total II,13,244472,0,14.35486613,-14.35486613,4039.72996755,4068.42147347,0,0
,,,,,,,,,,
,Total B -Close ended Schemes,48,426921,12.72487451,1125.1090462399998,-1112.38417173,15532.270311690001,15897.257448370001,0,0
,,,,,,,,,,
C,Interval Schemes,,,,,,,,,
i,Income/Debt Oriented Schemes,2,796,0.00049998,0.10646612,-0.10596614,24.91359401,29.3863619,0,0
,,,,,,,,,,
,Total C Interval Schemes,2,796,0.00049998,0.10646612,-0.10596614,24.91359401,29.3863619,0,0
,,,,,,,,,,
,Grand Total,1985,283519085,1409425.15669909,1368071.5594280106,41353.59727107881,8707887.74195046,8830776.44904663,10,0
,,,,,,,,,,
,Fund of Funds Scheme (Domestic) **,# 152,13860519,6605.82950686,3806.70728629,2799.12222057,230582.23191294,232212.44586796,0,0
,,,,,,,,,,
,** Data in respect Fund of Funds Domestic is shown for information only. The same is included in the respective underlying schemes.,,,,,,,,,
,"## Include NFOs- ALPHAGREP LIQUID OMNI FOF, SBI Nifty Midcap 150 Momentum 50 ETF FOF, Kotak Diversified Equity All Cap Omni FOF,HDFC Nifty Metal ETF FOF",,,,,,,,,
