scheme_code,fund_name,aum_cr,expense_ratio_pct,morningstar_stars,latest_nav,latest_nav_date,source
120465,Axis Large Cap Fund - Direct Plan - Growth,,,,65.34,2026-10-08,mfapi.in (fallback — AUM/TER unavailable)
118825,Mirae Asset Large Cap Fund - Direct Plan - Growth,,,,118.868,2026-10-08,mfapi.in (fallback — AUM/TER unavailable)
122639,Parag Parikh Flexi Cap Fund - Direct Plan - Growth,,,,87.6555,2026-10-08,mfapi.in (fallback — AUM/TER unavailable)
118275,CANARA ROBECO FLEXICAP FUND - DIRECT PLAN - GROWTH OPTION,,,,364.61,2026-10-08,mfapi.in (fallback — AUM/TER unavailable)
120505,Axis Midcap Fund - Direct Plan - Growth,,,,136.15,2026-10-08,mfapi.in (fallback — AUM/TER unavailable)
119775,Kotak Midcap Fund - Direct Plan - Growth,,,,158.633,2026-10-08,mfapi.in (fallback — AUM/TER unavailable)
125497,SBI Small Cap Fund - Direct Plan - Growth,,,,203.8969,2026-10-08,mfapi.in (fallback — AUM/TER unavailable)
118777,Nippon India Small Cap Fund - Direct Plan Growth,,,,200.9398,2026-10-08,mfapi.in (fallback — AUM/TER unavailable)
120716,UTI Nifty 50 Index Fund - Growth Option - Direct,,,,156.5445,2026-10-08,mfapi.in (fallback — AUM/TER unavailable)
119063,HDFC Nifty 50 Index Fund - Direct Plan,,,,217.5709,2026-10-08,mfapi.in (fallback — AUM/TER unavailable)
133035,Kotak Aggressive Hybrid Fund - Direct Plan - Growth,,,,74.395,2026-10-08,mfapi.in (fallback — AUM/TER unavailable)
120251,ICICI Prudential Equity & Debt Fund - Direct Plan - Growth,,,,431.01,2026-10-08,mfapi.in (fallback — AUM/TER unavailable)
119016,HDFC Short Term Debt Fund - Growth Option - Direct Plan,,,,35.3965,2026-10-08,mfapi.in (fallback — AUM/TER unavailable)
120692,ICICI Prudential Corporate Bond Fund - Direct Plan - Growth,,,,33.4907,2026-10-08,mfapi.in (fallback — AUM/TER unavailable)
