scheme_code,fund_name,inception_date,fund_age_years,latest_nav,latest_nav_date,nav_52w_high,nav_52w_low,nav_52w_change_pct,total_nav_days
120465,Axis Large Cap Fund - Direct Plan - Growth,2019-10-10,7.0,66.74,2026-10-06,72.38,62.24,7.23,1732
118825,Mirae Asset Large Cap Fund - Direct Plan - Growth,2019-10-10,7.0,121.868,2026-10-06,134.234,113.121,7.73,1724
122639,Parag Parikh Flexi Cap Fund - Direct Plan - Growth,2019-10-10,7.0,88.997,2026-10-06,95.7732,85.2599,4.38,1723
118275,CANARA ROBECO FLEXICAP FUND - DIRECT PLAN - GROWTH OPTION,2019-10-10,7.0,373.46,2026-10-06,397.81,340.57,9.66,1724
120505,Axis Midcap Fund - Direct Plan - Growth,2019-10-10,7.0,139.13,2026-10-06,145.91,119.92,16.02,1732
119775,Kotak Midcap Fund - Direct Plan - Growth,2019-10-10,7.0,161.66,2026-10-06,174.203,141.582,14.18,1724
125497,SBI Small Cap Fund - Direct Plan - Growth,2019-10-10,7.0,208.2586,2026-10-06,217.6184,169.1091,23.15,1733
118777,Nippon India Small Cap Fund - Direct Plan Growth,2019-10-10,7.0,206.1273,2026-10-06,211.077,165.176,24.79,1724
120716,UTI Nifty 50 Index Fund - Growth Option - Direct,2019-10-10,7.0,160.3789,2026-10-06,183.9374,156.116,2.73,1724
119063,HDFC Nifty 50 Index Fund - Direct Plan,2019-10-10,7.0,222.9065,2026-10-06,255.8052,217.1184,2.67,1724
133035,Kotak Aggressive Hybrid Fund - Direct Plan - Growth,2019-10-10,7.0,75.565,2026-10-06,79.055,68.124,10.92,1724
120251,ICICI Prudential Equity & Debt Fund - Direct Plan - Growth,2019-10-10,7.0,439.33,2026-10-06,461.48,417.86,5.14,1724
119016,HDFC Short Term Debt Fund - Growth Option - Direct Plan,2019-10-10,7.0,35.413,2026-10-06,35.4714,33.7233,5.01,1694
120692,ICICI Prudential Corporate Bond Fund - Direct Plan - Growth,2019-10-10,7.0,33.5249,2026-10-06,33.626,31.9024,5.09,1693
